Option1 Name,Multiple Option Values (1),Option2 Name,Multiple Option Values (2),Option3 Name,Multiple Option Values (3),Title,Image Src,Vendor,Type
Size,"20"" x 8.5"",22"" x 9.5"",24"" x 9.5"",26"" x 10""",Colors,"GLOSS BLACK W/ CLEAR COAT, CHROME",Wheels,"2,4,5,6",KM651 Slide,http://wheelimages.kmcwheels.com/images/wheels/med/1309-561-00_wheelpros_km651-22x95-300.png,KMC Wheels,Rims
Size,"18"" x 8"",20"" x 8.5"",22"" x 9"",24"" x 9.5""",Colors,"SATIN BLACK, CHROME",Wheels,"2,4,5,6",KM673 Skitch,http://wheelimages.kmcwheels.com/images/wheels/med/KMC_673_Satin_Black_300.png,KMC Wheels,Rims
Size,"16"" x 7"",17"" x 7"",18"" x 7"",20"" x 8""",Colors,SATIN BLACK W/ MACHINED FACE,Wheels,"2,4,5,6",KM675 Splice,http://wheelimages.kmcwheels.com/images/wheels/med/KMC_675_SatinBlack_Machined_3001-Cloned412495219213.png,KMC Wheels,Rims
Size,"19"" x 8.5"",20"" x 8.5"",22"" x 9.5"",24"" x 9.5"",26"" x 9.5""",Colors,"CHROME, GLOSS BLACK",Wheels,"2,4,5,6",KM677 D2,http://wheelimages.kmcwheels.com/images/wheels/med/KMC_677_Chrome_300-Cloned41249523125.png,KMC Wheels,Rims
Size,"20"" x 8.5"",22"" x 9""",Colors,GLOSS BLACK MACHINED,Wheels,"2,4,5,6",KM681 Nerve,http://wheelimages.kmcwheels.com/images/wheels/med/KM_6813-300-Cloned412405649537.png,KMC Wheels,Rims
Size,"20"" x 8.5"",22"" x 9"",24"" x 9""",Colors,GLOSS BLACK MACHINED,Wheels,"2,4,5,6",KM682 Spider,http://wheelimages.kmcwheels.com/images/wheels/med/KM682-3001-Cloned416986739931.png,KMC Wheels,Rims
Size,"18"" x 8"",19"" x 8.5"",19"" x 9.5"",20"" x 8.5"",22"" x 9""",Colors,"SILVER W/ MACHINED FACE, SATIN BLACK W/ MACHINED FACE, MATTE BRONZE, SATIN BLACK",Wheels,"2,4,5,6",KM685 District,http://wheelimages.kmcwheels.com/images/wheels/med/wheelpros_km685_20x105-1406-399-00_300.png,KMC Wheels,Rims
Size,"20"" x 9"",22"" x 9.5"",24"" x 9.5"",26"" x 9.5""",Colors,SATIN BLACK W/ MACHINED FACE,Wheels,"2,4,5,6",KM686 Faction,http://wheelimages.kmcwheels.com/images/wheels/med/kmc_km6867_22x95-1310-713-00-3001.png,KMC Wheels,Rims
Size,"22"" x 9"",24"" x 9.5""",Colors,"SATIN BLACK BRUSHED FACE, SATIN BLACK MILLED",Wheels,"2,4,5,6",KM689 Skillet,http://wheelimages.kmcwheels.com/images/wheels/med/kmc_km689_22x9-1507-342-00-3001.png,KMC Wheels,Rims
Size,"20"" x 8.5"",22"" x 9"",24"" x 9.5"",26"" x 9.5""",Colors,"CHROME, SATIN BLACK W/ MILLING, MATTE GRAY W/ MILLING",Wheels,"2,4,5,6",KM690 MC 5,http://wheelimages.kmcwheels.com/images/wheels/med/kmc_km690_24x95-1509-502-00-300.png,KMC Wheels,Rims
Size,"18"" x 8"",20"" x 8.5"",20"" x 9.5""",Colors,"SATIN BLACK, MATTE BRONZE, GUNMETAL",Wheels,"2,4,5,6",KM691 Spin,http://wheelimages.kmcwheels.com/images/wheels/med/km_km691_20x10-1411-017-00-3001.png,KMC Wheels,Rims
Size,"17"" x 7"",18"" x 8"",20"" x 8.5""",Colors,"SILVER W MACHINED FACE, SATIN BLACK W MACHINED FACE AND TINTED, PEARL GRAY, PEARL GRAY W BRUSHED FACE, PEARL GRAY W GLOSS BLACK FACE",Wheels,"2,4,5,6",KM693 Maze,http://wheelimages.kmcwheels.com/images/wheels/med/kmc_km693_18x8-1506-321-00-300.png,KMC Wheels,Rims
Size,"18"" x 8"",20"" x 8.5"",20"" x 9.5""",Colors,SATIN BLACK,Wheels,"2,4,5,6",KM694 Wishbone,http://wheelimages.kmcwheels.com/images/wheels/med/kmc_km6947_20x9-1506-275-00-3001.png,KMC Wheels,Rims
Size,"20"" x 8.5"",22"" x 9"",24"" x 9.5"",26"" x 9.5""",Colors,"SATIN BLACK, SATIN BLACK W MACHINED FACE AND TINTED CLEAR",Wheels,"2,4,5,6",KM695,http://wheelimages.kmcwheels.com/images/wheels/med/kmc_km6959_24x95-1509-572-00_300.png,KMC Wheels,Rims
Size,"22"" x 9""",Colors,"BRONZE, SATIN BLACK",Wheels,"2,4,5,6",KM696 Pivot,http://wheelimages.kmcwheels.com/images/wheels/med/kmc_km6966_20x9-1512-097-00-HR_edit-300.png,KMC Wheels,Rims
Size,"18"" x 8"",20"" x 8.5"",20"" x 9""",Colors,"SATIN BLACK W MACHINED FACE AND TINTED CLEAR, GOLD",Wheels,"2,4,5,6",KM697 Newton,http://wheelimages.kmcwheels.com/images/wheels/med/kmc_km697_20x85-1512-090-00-300.png,KMC Wheels,Rims
Size,"22"" x 9""",Colors,"SATIN BLACK W MACHINED FACE, SATIN BLACK",Wheels,"2,4,5,6",KM699,http://wheelimages.kmcwheels.com/images/wheels/med/kmc_km6995_22x9-1603-385-00-300.png,KMC Wheels,Rims
Size,"17"" x 7.5"",18"" x 8"",20"" x 10"",20"" x 8"",22"" x 8.5""",Colors,MATTE BLACK,Wheels,"2,4,5,6",KM775 Rockstar Car,http://wheelimages.kmcwheels.com/images/wheels/med/KMC_775_MatteBlack_3001-Cloned412495252778.png,KMC Wheels,Rims
Size,"17"" x 9"",18"" x 9"",20"" x 9""",Colors,"MATTE BLACK W/ MACH BEAD RING, MACHINED W CLEAR COAT, MATTE BLACK",Wheels,"2,4,5,6",XD125 Enduro,http://wheelimages.kmcwheels.com/images/wheels/med/WheelPros_XD125_Flat-Black_6_Lug-300.png,KMC Wheels,Rims
Size,"15"" x 8"",16"" x 8"",17"" x 9"",18"" x 9"",20"" x 10"",20"" x 9""",Colors,"MATTE GRAY W/ BLACK RING, SATIN BLACK",Wheels,"2,4,5,6",XD126 Enduro Pro,http://wheelimages.kmcwheels.com/images/wheels/med/xd_xd126_17x9-1505-244-00-300.png,KMC Wheels,Rims
Size,"15"" x 8"",16"" x 8"",17"" x 8.5"",17"" x 9"",18"" x 9"",20"" x 10"",20"" x 9""",Colors,"MATTE GRAY W/ BLACK RING, SATIN BLACK",Wheels,"2,4,5,6",XD127 Bully,http://wheelimages.kmcwheels.com/images/wheels/med/XD-127-GM-std-300.png,KMC Wheels,Rims
Size,"16"" x 8"",17"" x 8.5"",17"" x 9"",18"" x 9"",20"" x 10"",20"" x 9""",Colors,"MACHINED FACE W/ BLACK RING, SATIN BLACK, MATTE GRAY W/ BLACK RING",Wheels,"2,4,5,6",XD128 Machete,http://wheelimages.kmcwheels.com/images/wheels/med/hXD1285-300.png,KMC Wheels,Rims
Size,"17"" x 8.5"",17"" x 9"",18"" x 9"",20"" x 10""",Colors,SATIN BLACK,Wheels,"2,4,5,6",XD129,http://wheelimages.kmcwheels.com/images/wheels/med/xd_xd1297_17x9-1512-062-00-3001.png,KMC Wheels,Rims
Size,"17"" x 6.5"",20"" x 7.5"",20"" x 8.3""",Colors,"MATTE GRAY W/ BLACK RING, SATIN BLACK",Wheels,"2,4,5,6",XD130 Machete Dually,http://wheelimages.kmcwheels.com/images/wheels/med/kmc_xd130f_20x825-1603-513-00-3001.png,KMC Wheels,Rims
Size,"17"" x 8"",17"" x 8.5""",Colors,MACHINED,Wheels,"2,4,5,6",XD222 Enduro Beadlock,http://wheelimages.kmcwheels.com/images/wheels/med/XD222_17x8_Mach-3001.png,KMC Wheels,Rims
Size,"17"" x 9""",Colors,MACHINED,Wheels,"2,4,5,6",XD229,http://wheelimages.kmcwheels.com/images/wheels/med/xd_xd2295_17x9-1512-092-00-3001.png,KMC Wheels,Rims
Size,"15"" x 7"",16"" x 8"",17"" x 8"",17"" x 9""",Colors,SATIN BLACK,Wheels,"2,4,5,6",XD300,http://wheelimages.kmcwheels.com/images/wheels/med/xd_xd3007_17x9-1509-574-00_300.png,KMC Wheels,Rims
Size,"15"" x 8"",16"" x 8"",17"" x 8.5"",17"" x 9""",Colors,SATIN BLACK,Wheels,"2,4,5,6",XD301,http://wheelimages.kmcwheels.com/images/wheels/med/xd_xd3017_17x85-1509-573-00_300.png,KMC Wheels,Rims
Size,"22"" x 12"",24"" x 12"",24"" x 14""",Colors,HIGH LUSTER POLISHED,Wheels,"2,4,5,6",XD401 Daisy Cutter,http://wheelimages.kmcwheels.com/images/wheels/med/xd_xd4011_20x12-1411-021-00-3001.png,KMC Wheels,Rims
Size,"22"" x 12"",24"" x 12"",24"" x 14""",Colors,HIGH LUSTER POLISHED,Wheels,"2,4,5,6",XD402 Syndicate,http://wheelimages.kmcwheels.com/images/wheels/med/xd_xd402_20x12-1411-024-00-3001.png,KMC Wheels,Rims
Size,"22"" x 12"",24"" x 12"",24"" x 14""",Colors,HIGH LUSTER POLISHED,Wheels,"2,4,5,6",XD403 Chopstix,http://wheelimages.kmcwheels.com/images/wheels/med/xd_xd4031_20x12-1411-025-00-3001.png,KMC Wheels,Rims
Size,"17"" x 8"",17"" x 9"",18"" x 9"",20"" x 10"",20"" x 12"",20"" x 8.5"",22"" x 12"",22"" x 9.5"",24"" x 12""",Colors,"MACHINED FACE W/ BLK WINDOWS, MATTE BLACK, CHROME",Wheels,"2,4,5,6",XD775 Rockstar,http://wheelimages.kmcwheels.com/images/wheels/med/XD_Series_775_MatteBlack_MachinedFace_300-Cloned412495637269-Cloned412495637731.png,KMC Wheels,Rims
Size,"16"" x 6"",17"" x 6"",20"" x 8.5""",Colors,"DUALLY CHROME FRONT, DUALLY MATTE BLACK REAR",Wheels,"2,4,5,6",XD775 Rockstar Dually,http://wheelimages.kmcwheels.com/images/wheels/med/XD775_F_Chrome-300.png,KMC Wheels,Rims
Size,"18"" x 9"",20"" x 10"",20"" x 8.5"",20"" x 9"",22"" x 11"",22"" x 9.5"",24"" x 10"",24"" x 11""",Colors,"CHROME, MATTE BLACK",Wheels,"2,4,5,6",XD778 Monster,http://wheelimages.kmcwheels.com/images/wheels/med/XD_Series_778_Chrome_3001-Cloned412017039352.png,KMC Wheels,Rims
Size,"18"" x 9"",20"" x 9"",22"" x 9.5""",Colors,"GLOSS BLACK MACHINED, CHROME",Wheels,"2,4,5,6",XD779 Badlands,http://wheelimages.kmcwheels.com/images/wheels/med/xd_xd7793_20x9-1310-731-00-300.png,KMC Wheels,Rims
Size,"16"" x 8"",17"" x 9"",18"" x 9"",20"" x 9"",22"" x 9.5""",Colors,"GLOSS BLACK W/ MACHINED FACE, CHROME, GLOSS BLACK W/ CLEAR COAT",Wheels,"2,4,5,6",XD795 Hoss,http://wheelimages.kmcwheels.com/images/wheels/med/1305-265-00_wheelpros-20x9-300.png,KMC Wheels,Rims
Size,"17"" x 9"",18"" x 9"",20"" x 10"",20"" x 9""",Colors,"CHROME, MATTE BLACK",Wheels,"2,4,5,6",XD796 Revolver,http://wheelimages.kmcwheels.com/images/wheels/med/xd_796_17x11-1403-218-00-300.png,KMC Wheels,Rims
Size,"17"" x 8"",17"" x 9"",18"" x 8.5"",18"" x 9"",20"" x 8.5"",20"" x 9""",Colors,"CHROME, GLOSS BLACK MACHINED",Wheels,"2,4,5,6",XD797 Spy,http://wheelimages.kmcwheels.com/images/wheels/med/1305-295-00_wheelpros-20x85-300.png,KMC Wheels,Rims
Size,"16"" x 9"",17"" x 9"",18"" x 9"",20"" x 9""",Colors,"MATTE BLACK MACHINED, MATTE BLACK",Wheels,"2,4,5,6",XD798 Addict,http://wheelimages.kmcwheels.com/images/wheels/med/1305-279-00_wheelpros-20x9-300.png,KMC Wheels,Rims
Size,"17"" x 9"",18"" x 9"",20"" x 9"",22"" x 10""",Colors,MATTE BLACK,Wheels,"2,4,5,6",XD800 Misfit,http://wheelimages.kmcwheels.com/images/wheels/med/1305-289-00_wheelpros-20x9-300.png,KMC Wheels,Rims
Size,"17"" x 9"",18"" x 9"",20"" x 9"",22"" x 11""",Colors,"CHROME, MATTE BLACK, MATTE BLACK MACHINED",Wheels,"2,4,5,6",XD801 Crank,http://wheelimages.kmcwheels.com/images/wheels/med/XD_Series_801_Chrome_3001.png,KMC Wheels,Rims
Size,"18"" x 9"",20"" x 12"",20"" x 9"",22"" x 10"",22"" x 12""",Colors,GLOSS BLACK W/ MILLED ACCENTS,Wheels,"2,4,5,6",XD806 Bomb,http://wheelimages.kmcwheels.com/images/wheels/med/XD_Series_806_GlossBlack_Milled_3001.png,KMC Wheels,Rims
Size,"17"" x 9"",18"" x 10"",20"" x 10"",20"" x 9""",Colors,MATTE BLACK,Wheels,"2,4,5,6",XD807 Strike,http://wheelimages.kmcwheels.com/images/wheels/med/1305-282-00_wheelpros-20x9-300.png,KMC Wheels,Rims
Size,"17"" x 9"",18"" x 9"",20"" x 10"",20"" x 9"",22"" x 9.5""",Colors,GLOSS BLACK W/ MILLED ACCENTS,Wheels,"2,4,5,6",XD808 Menace,http://wheelimages.kmcwheels.com/images/wheels/med/1305-272-00_wheelpros-20x9-300.png,KMC Wheels,Rims
Size,"18"" x 9"",20"" x 10"",20"" x 12"",20"" x 14"",20"" x 9"",22"" x 14""",Colors,"MATTE BLACK MACHINED, CHROME",Wheels,"2,4,5,6",XD809 Riot,http://wheelimages.kmcwheels.com/images/wheels/med/xd_809_riot_20x10-1403-211-00-300.png,KMC Wheels,Rims
Size,"20"" x 10"",20"" x 9"",22"" x 10""",Colors,"GLOSS BLACK MACHINED, SATIN BLACK",Wheels,"2,4,5,6",XD810 Brigade,http://wheelimages.kmcwheels.com/images/wheels/med/1305-270-00_wheelpros-20x10-300.png,KMC Wheels,Rims
Size,"17"" x 8"",17"" x 9"",18"" x 9"",20"" x 12"",20"" x 9"",22"" x 12"",22"" x 9.5"",24"" x 12""",Colors,"PVD WITH MATTE BLACK ACCENTS, SATIN BLACK W ACCENTS",Wheels,"2,4,5,6",XD811 RS2,http://wheelimages.kmcwheels.com/images/wheels/med/wheelpros_xd811_rockstar_20x9-1407-425-00-300-Cloned418415718171.png,KMC Wheels,Rims
Size,"17"" x 10"",17"" x 9"",18"" x 10"",18"" x 9"",20"" x 10"",20"" x 9""",Colors,GLOSS BLACK MILLED,Wheels,"2,4,5,6",XD813 Battalion,http://wheelimages.kmcwheels.com/images/wheels/med/xd_813_18x10-1403-204-00-300.png,KMC Wheels,Rims
Size,"17"" x 6"",22"" x 8.3""",Colors,DUALLY GLOSS BLACK W/ MILLED ACCENTS,Wheels,"2,4,5,6",XD815 Battalion,http://wheelimages.kmcwheels.com/images/wheels/med/xd_xd8153_frt_17x6-1311-110-00-3002.png,KMC Wheels,Rims
Size,"16"" x 8"",17"" x 8"",17"" x 9"",18"" x 8"",18"" x 9"",20"" x 10"",20"" x 12"",20"" x 9""",Colors,"SATIN BLACK, SATIN BLACK MILLED",Wheels,"2,4,5,6",XD818 Heist,http://wheelimages.kmcwheels.com/images/wheels/med/xd_series_818-20x10-1409-620-00_3001.png,KMC Wheels,Rims
Size,"17"" x 9"",18"" x 9"",20"" x 10"",20"" x 9"",22"" x 9.5""",Colors,"SATIN BLACK W/ MACHINED FACE, SATIN BLACK, SATIN BLACK MILLED",Wheels,"2,4,5,6",XD820 Grenade,http://wheelimages.kmcwheels.com/images/wheels/med/xd_xd8205_1411-005-00-300.png,KMC Wheels,Rims
Size,"17"" x 9"",18"" x 10"",18"" x 9"",20"" x 10"",20"" x 9""",Colors,"PVD, MATTE BLACK",Wheels,"2,4,5,6",XD822 Monster II,http://wheelimages.kmcwheels.com/images/wheels/med/xd_xd822_18x10-1501-058-00-300.png,KMC Wheels,Rims
Size,"18"" x 10"",18"" x 9"",20"" x 10"",20"" x 12"",20"" x 9"",22"" x 10""",Colors,"SATIN BLACK W/ MACHINED FACE, PVD",Wheels,"2,4,5,6",XD823 Trap,http://wheelimages.kmcwheels.com/images/wheels/med/xd_xd8235_18x10-1411-010-00-3001.png,KMC Wheels,Rims
Size,"20"" x 10"",20"" x 12"",20"" x 9"",22"" x 10""",Colors,"GLOSS BLACK MACHINED, SATIN BLACK MILLED",Wheels,"2,4,5,6",XD824 Bones,http://wheelimages.kmcwheels.com/images/wheels/med/xd_xd8245_22x10-1512-060-00-300.png,KMC Wheels,Rims
Size,"20"" x 10"",20"" x 12"",20"" x 14"",20"" x 9"",22"" x 10""",Colors,GLOSS BLACK MILLED,Wheels,"2,4,5,6",XD825 Buck 25,http://wheelimages.kmcwheels.com/images/wheels/med/xd_xd8252_20x12-1509-575-00_300.png,KMC Wheels,Rims
Size,"20"" x 10"",20"" x 12"",22"" x 12""",Colors,"GLOSS BLACK W MACHINED FACE, SATIN BLACK MILLED, HIGH LUSTER POLISHED",Wheels,"2,4,5,6",XD826 Surge,http://wheelimages.kmcwheels.com/images/wheels/med/xd_xd826_22x12-1602-213-00-3001.png,KMC Wheels,Rims